minutes,transit,walk
0,679.6,679.6
1,679.7,679.7
2,679.8,679.8
3,681.8,681.8
4,684.4,684.4
5,699.9,699.6
6,720.3,719.0
7,781.1,775.1
8,853.1,836.6
9,922.8,882.9
10,1017.9,949.5
11,1139.2,1022.8
12,1313.9,1171.6
13,1503.8,1311.7
14,1711.0,1414.3
15,1999.5,1571.1
16,2304.9,1738.1
17,2654.5,1897.2
18,3050.7,2059.7
19,3514.5,2241.3
20,4055.5,2459.2
21,4661.7,2706.6
22,5376.8,2913.9
23,6172.3,3140.7
24,7087.6,3430.6
25,8099.7,3699.6
26,9209.8,3968.0
27,10428.6,4274.1
28,11746.9,4551.8
29,13215.9,4929.5
30,14785.0,5282.0
31,16491.2,5652.0
32,18326.3,5986.8
33,20282.6,6420.3
34,22377.2,6841.2
35,24578.6,7222.6
36,26918.6,7731.2
37,29384.6,8161.8
38,31960.4,8574.6
39,34661.9,9050.5
40,37467.9,9501.1
41,40429.3,9982.7
42,43489.9,10462.1
43,46682.6,10975.6
44,50007.6,11384.9
45,53474.8,11988.3
46,57098.1,12528.7
47,60848.1,13073.9
48,64740.2,13620.6
49,68753.0,14258.7
50,72882.4,14854.2
51,77146.2,15442.1
52,81500.4,16050.2
53,85961.6,16623.1
54,90585.9,17231.4
55,95309.7,17819.8
56,100162.1,18473.3
57,105091.2,19114.0
58,110104.3,19787.0
59,115166.6,20348.0
60,115377.7,20999.6
